{
  "name": "ReOverfits",
  "version": "1.0.0",
  "styleFileList": [],
  "scriptFileList": [],
  "tweeFileList": [],
  "imgFileList": [
    "img/misc/icon/clothes/categories/background.png",
    "img/misc/icon/clothes/categories/overlower.png",
    "img/misc/icon/clothes/categories/overupper.png",
    "img/misc/icon/clothes/categories/overhead.png",
    "img/misc/icon/clothes/categories/overoutfit.png"
  ],
  "additionFile": [
    "readme.md",
    "game/addon-replace/clothingCategories-v2-Clothing Shop Categories.txt",
    "game/addon-replace/clothing-Clothing Shop Widgets.txt",
    "game/addon-replace/clothingCategories-v2-widget.txt"
  ],
  "addonPlugin": [
    {
      "modName": "TweeReplacer",
      "addonName": "TweeReplacerAddon",
      "modVersion": "1.2.0",
      "params": [
        {
          "passage": "Clothing Shop Categories",
          "findString": "<<if $debug is 1>>",
          "replaceFile": "game/addon-replace/clothingCategories-v2-Clothing Shop Categories.txt"
        },
        {
          "passage": "Clothing Shop Widgets",
          "findString": "<<if $debug is 1>>",
          "replaceFile": "game/addon-replace/clothing-Clothing Shop Widgets.txt"
        },
        {
          "passage": "Clothing Shop Categories",
          "findString": "<<widget \"OverOutfitShop\">>",
          "replaceFile": "game/addon-replace/clothingCategories-v2-widget.txt"
        }
      ]
    },
    {
      "modName": "ReplacePatcher",
      "addonName": "ReplacePatcherAddon",
      "modVersion": "1.0.0",
      "params": {
        "js": [],
        "css": [],
        "twee": [
          {
            "TODO": "wardrobes.twee",
            "passageName": "Widgets Wardrobe",
            "from": "label: 'Over Head', disabled: !$debug },\n\t\t{ id: 'over_upper',",
            "to": "label: '头套' },\n\t\t{ id: 'over_upper',"
          },
          {
            "TODO": "wardrobes.twee",
            "passageName": "Widgets Wardrobe",
            "from": "label: 'Over Upper', disabled: !$debug },\n\t\t{ id: 'over_lower',",
            "to": "label: '外套（上装）' },\n\t\t{ id: 'over_lower',"
          },
          {
            "TODO": "wardrobes.twee",
            "passageName": "Widgets Wardrobe",
            "from": "label: 'Over Lower', disabled: !$debug },\n\t\t{ id: 'head',",
            "to": "label: '外套（下装）' },\n\t\t{ id: 'head',"
          }
        ]
      }
    },
    {
      "modName": "ModuleCssReplacer",
      "addonName": "ModuleCssReplacerAddon",
      "modVersion": "^1.0.0",
      "params": [
        {
          "cssName": "skybox",
          "findString": "z-index: 10;",
          "replace": "z-index: -9;"
        },
        {
          "cssName": "skybox",
          "findString": "z-index: 9",
          "replace": "z-index: -10"
        }
      ]
    },
    {
      "modName": "ModLoader DoL ImageLoaderHook",
      "addonName": "ImageLoaderAddon",
      "modVersion": "^2.3.1",
      "params": []
    }
  ],
  "dependenceInfo": [
    {
      "modName": "TweeReplacer",
      "version": "^1.0.0"
    },
    {
      "modName": "ReplacePatcher",
      "version": "^1.0.0"
    },
    {
      "modName": "ModLoader DoL ImageLoaderHook",
      "version": "^2.3.1"
    },
    {
      "modName": "ModuleCssReplacer",
      "version": "^1.0.0"
    }
  ]
}