{
  "name": "BS特供云宝跟宠原版(1-3共3)",
  "version": "0.0.1",
  "styleFileList": [],
  "scriptFileList": [],
  "tweeFileList": [],
  "additionFile": [],
  "imgFileList": [
    "img/clothes/default/hands/MLPRainbow/full.png",
    "img/misc/icon/clothes/MLPRainbow_icon.png"
  ],
  "addonPlugin": [
    {
      "modName": "ModdedClothesAddon",
      "addonName": "ModdedClothesAddon",
      "modVersion": "^1.1.0",
      "params": {
        "clothes": [
          {
            "key": "face",
            "filePath": "clothes/face.json"
          },
          {
            "key": "feet",
            "filePath": "clothes/feet.json"
          },
          {
            "key": "genitals",
            "filePath": "clothes/genitals.json"
          },
          {
            "key": "hands",
            "filePath": "clothes/hands.json"
          },
          {
            "key": "head",
            "filePath": "clothes/head.json"
          },
          {
            "key": "legs",
            "filePath": "clothes/legs.json"
          },
          {
            "key": "neck",
            "filePath": "clothes/neck.json"
          },
          {
            "key": "upper",
            "filePath": "clothes/upper.json"
          },
          {
            "key": "lower",
            "filePath": "clothes/lower.json"
          },
          {
            "key": "under_upper",
            "filePath": "clothes/under_upper.json"
          },
          {
            "key": "under_lower",
            "filePath": "clothes/under_lower.json"
          },
          {
            "key": "over_upper",
            "filePath": "clothes/over_upper.json"
          },
          {
            "key": "over_lower",
            "filePath": "clothes/over_lower.json"
          },
          {
            "key": "over_head",
            "filePath": "clothes/over_head.json"
          }
        ]
      }
    },
    {
      "modName": "ModLoader DoL ImageLoaderHook",
      "addonName": "ImageLoaderAddon",
      "modVersion": "^2.3.0",
      "params": []
    }
  ],
  "dependenceInfo": [
    {
      "modName": "ModdedClothesAddon",
      "version": "^1.1.0"
    },
    {
      "modName": "ModLoader DoL ImageLoaderHook",
      "version": "^2.3.0"
    }
  ]
}