{
  "name": "background&foregroundtemplate",
  "version": "1.0.0",
  "styleFileList": [],
  "scriptFileList": [],
  "tweeFileList": [],
  "additionFile": [],
  "imgFileList": [
    "img/decorations/background/bg_img1.png",
    "img/decorations/background/bg_img2.png",
    "img/decorations/background/bg_img3.png",
    "img/decorations/foreground/fg_img1.png",
    "img/decorations/foreground/fg_img2.png",
    "img/decorations/foreground/fg_img3.png"
  ],
  "addonPlugin": [
    {
      "modName": "ReplacePatcher",
      "addonName": "ReplacePatcherAddon",
      "modVersion": "1.2.0",
      "params": {
        "js": [
          {
            "fileName": "canvasmodel-editor.js",
            "from": "selectOption(\"foreground_image_type\", [",
            "to": "selectOption(\"foreground_image_type\", [\"fg_img1\", \"fg_img2\", \"fg_img3\", "
          },
          {
            "fileName": "canvasmodel-editor.js",
            "from": "selectOption(\"background_image_type\", [",
            "to": "selectOption(\"background_image_type\", [\"bg_img1\", \"bg_img2\", \"bg_img3\", "
          }
        ],
        "twee": [
          {
            "passageName": "Widgets Mirror",
            "from": "<<radiobutton \"$background_image\" \"none\" autocheck>></label><br>\n\t\t",
            "to": "<<radiobutton \"$background_image\" \"none\" autocheck>></label><br>\n\t\t<label>YourBg1Name<<radiobutton \"$background_image\" \"bg_img1\" autocheck>></label><br>\n\t\t<label>YourBg2Name<<radiobutton \"$background_image\" \"bg_img2\" autocheck>></label><br>\n\t\t<label>YourBg3Name<<radiobutton \"$background_image\" \"bg_img3\" autocheck>></label><br>\n\t\t"
          },
          {
            "passageName": "Widgets Mirror",
            "from": "<<radiobutton \"$foreground_image\" \"none\" autocheck>></label><br>\n\t\t",
            "to": "<<radiobutton \"$foreground_image\" \"none\" autocheck>></label><br>\n\t\t<label>YourFg1Name<<radiobutton \"$foreground_image\" \"fg_img1\" autocheck>></label><br>\n\t\t<label>YourFg2Name<<radiobutton \"$foreground_image\" \"fg_img2\" autocheck>></label><br>\n\t\t<label>YourFg3Name<<radiobutton \"$foreground_image\" \"fg_img3\" autocheck>></label><br>\n\t\t"
          }
        ],
        "css": []
      }
    },
    {
      "modName": "ModLoader DoL ImageLoaderHook",
      "addonName": "ImageLoaderAddon",
      "modVersion": "^2.3.0",
      "params": []
    }
  ],
  "dependenceInfo": [
    {
      "modName": "ModLoader DoL ImageLoaderHook",
      "version": "^2.3.0"
    }
  ]
}