{
    "name": "外套槽（不兼容OverfitsMod）",
    "version": "1.0.0",
    "styleFileList": [],
    "scriptFileList": [],
    "tweeFileList": [],
    "imgFileList": [],
    "additionFile": [
    ],
    "additionDir": [
    ],
    "addonPlugin": [
      {
        "modName": "ReplacePatcher",
        "addonName": "ReplacePatcherAddon",
        "modVersion": "1.0.0",
        "params": {
          "js":[],
          "twee":[
            {
              "_comment1": "头套",
              "TODO": "wardrobes.twee",
              "passageName": "Widgets Wardrobe",
              "from": "label: 'Over Head', disabled: !$debug },\n\t\t{ id: 'over_upper',",
              "to": "label: '头套' },\n\t\t{ id: 'over_upper',"
            },
            {
              "_comment1": "外套上装",
              "TODO": "wardrobes.twee",
              "passageName": "Widgets Wardrobe",
              "from": "label: 'Over Upper', disabled: !$debug },\n\t\t{ id: 'over_lower',",
              "to": "label: '外套上装' },\n\t\t{ id: 'over_lower',"
            },
            {
              "_comment1": "外套下装",
              "TODO": "wardrobes.twee",
              "passageName": "Widgets Wardrobe",
              "from": "label: 'Over Lower', disabled: !$debug },\n\t\t{ id: 'head',",
              "to": "label: '外套下装' },\n\t\t{ id: 'head',"
            },
            {
              "passageName": "Clothing Shop Categories",
              "from": "<<if $debug is 1>>",
              "to": "<<if 1>>"
            },
            {
              "passageName": "Clothing Shop Widgets",
              "from": "<<if $debug is 1>>",
              "to": "<<if 1>>"
            }
          ],
          "css": []
        }
      }
    ],
    "dependenceInfo": [
      {
        "modName": "ReplacePatcher",
        "version": "^1.0.0"
      }
    ]
  }